[
  {
    "value": "Speeding excessively",
    "synonyms": [
      "Speeding excessively",
      "Racing",
      "Speeding in a school zone"
    ]
  },
  {
    "value": "Weaving through traffic",
    "synonyms": [
      "Weaving through traffic",
      "Zig zagging through traffic",
      "Erratic lane changing"
    ]
  },
  {
    "value": "Turned from the wrong lane",
    "synonyms": [
      "Turned from the wrong lane",
      "Made a right turn in front of a bus"
    ]
  },
  {
    "value": "Ignoring traffic signs or signals",
    "synonyms": [
      "Ignoring traffic signs or signals",
      "Ran the light",
      "Ran the stop sign"
    ]
  },
  {
    "value": "Scott\u0027s Law",
    "synonyms": [
      "Scott\u0027s Law",
      "Did not move over for a state trooper or police officer"
    ]
  },
  {
    "value": "Illegal passing",
    "synonyms": [
      "Illegal lane change",
      "Driving on the shoulder",
      "Illegal passing",
      "Erratic lane changing"
    ]
  },
  {
    "value": "Distracting by phone",
    "synonyms": [
      "Distracted by phone",
      "Texting while driving",
      "Talking with phone in hand"
    ]
  },
  {
    "value": "Tailgating",
    "synonyms": [
      "Tailgating",
      "Riding my bumper"
    ]
  }
]