[
  {
    "value": "Distracting by phone",
    "synonyms": [
      "Distracted by phone",
      "Talking with phone in hand",
      "Texting while driving"
    ]
  },
  {
    "value": "Ignoring traffic signs or signals",
    "synonyms": [
      "Ignoring traffic signs or signals",
      "Ran the light",
      "Ran the stop sign"
    ]
  },
  {
    "value": "Illegal passing",
    "synonyms": [
      "Driving on the shoulder",
      "Erratic lane changing",
      "Illegal lane change",
      "Illegal passing"
    ]
  },
  {
    "value": "Scott\u0027s Law",
    "synonyms": [
      "Did not move over for a state trooper or police officer",
      "Scott\u0027s Law"
    ]
  },
  {
    "value": "Speeding excessively",
    "synonyms": [
      "Racing",
      "Speeding excessively",
      "Speeding in a school zone"
    ]
  },
  {
    "value": "Tailgating",
    "synonyms": [
      "Riding my bumper",
      "Tailgating"
    ]
  },
  {
    "value": "Turned from the wrong lane",
    "synonyms": [
      "Made a right turn in front of a bus",
      "Turned from the wrong lane"
    ]
  },
  {
    "value": "Weaving through traffic",
    "synonyms": [
      "Erratic lane changing",
      "Weaving through traffic",
      "Zig zagging through traffic"
    ]
  }
]