[
  {
    "id": "76a5489c-139e-425f-8359-21a8bd551b4b",
    "data": [
      {
        "text": "plate number is ",
        "userDefined": false
      },
      {
        "text": "123456",
        "alias": "any",
        "meta": "@sys.any",
        "userDefined": true
      }
    ],
    "isTemplate": false,
    "count": 0
  },
  {
    "id": "49cf8493-551d-4723-9feb-731205765f4c",
    "data": [
      {
        "text": "license plate number is ",
        "userDefined": false
      },
      {
        "text": "123456",
        "alias": "any",
        "meta": "@sys.any",
        "userDefined": false
      }
    ],
    "isTemplate": false,
    "count": 0
  }
]