[
  {
    "id": "24e16166-6b75-47cd-b496-34769d88f062",
    "data": [
      {
        "text": "fetch from db",
        "userDefined": false
      }
    ],
    "isTemplate": false,
    "count": 0
  },
  {
    "id": "4ecd569e-622a-4bbb-af50-50b438546900",
    "data": [
      {
        "text": "fetch db",
        "userDefined": false
      }
    ],
    "isTemplate": false,
    "count": 0
  },
  {
    "id": "53e3c0cf-86f4-4bb4-8ffe-dd43742c434a",
    "data": [
      {
        "text": "fetch from database",
        "userDefined": false
      }
    ],
    "isTemplate": false,
    "count": 0
  },
  {
    "id": "156d22ba-7a32-4b40-8437-2c1c4a64f1a5",
    "data": [
      {
        "text": "fetch the database",
        "userDefined": false
      }
    ],
    "isTemplate": false,
    "count": 0
  },
  {
    "id": "5e28a883-80d9-476a-a7ae-cd4137c53295",
    "data": [
      {
        "text": "read the database",
        "userDefined": false
      }
    ],
    "isTemplate": false,
    "count": 0
  },
  {
    "id": "95c61c16-8a65-426e-b7b2-3ab5d8113d8a",
    "data": [
      {
        "text": "read from db",
        "userDefined": false
      }
    ],
    "isTemplate": false,
    "count": 0
  },
  {
    "id": "6e0a6fc7-3282-48ca-b144-2c8310e8550b",
    "data": [
      {
        "text": "read from database",
        "userDefined": false
      }
    ],
    "isTemplate": false,
    "count": 0
  }
]