[
  {
    "id": "21b98c29-4d47-45c1-9bb8-69b6e7f00c8c",
    "data": [
      {
        "text": "save data",
        "userDefined": false
      }
    ],
    "isTemplate": false,
    "count": 0
  },
  {
    "id": "1b5612e8-5a89-42d2-b383-d64589faf17d",
    "data": [
      {
        "text": "save my data",
        "userDefined": false
      }
    ],
    "isTemplate": false,
    "count": 0
  },
  {
    "id": "a3f32f48-c498-4324-a066-cd6db6ead3c1",
    "data": [
      {
        "text": "save information",
        "userDefined": false
      }
    ],
    "isTemplate": false,
    "count": 0
  },
  {
    "id": "bc42c118-7975-4403-a1ba-8679ea377e6a",
    "data": [
      {
        "text": "save info",
        "userDefined": false
      }
    ],
    "isTemplate": false,
    "count": 0
  },
  {
    "id": "65963f34-d887-457f-ab7c-1d09d674c6d6",
    "data": [
      {
        "text": "save to db",
        "userDefined": false
      }
    ],
    "isTemplate": false,
    "count": 0
  },
  {
    "id": "ed9469e0-6123-4282-80cf-de4d1da78a49",
    "data": [
      {
        "text": "save to database",
        "userDefined": false
      }
    ],
    "isTemplate": false,
    "count": 0
  }
]