[
  {
    "id": "606d82f2-25a3-4ab0-a706-fb3ae83dd632",
    "data": [
      {
        "text": "License plate number is ",
        "userDefined": false
      },
      {
        "text": "BORN2BWILD",
        "alias": "any",
        "meta": "@sys.any",
        "userDefined": true
      }
    ],
    "isTemplate": false,
    "count": 0
  },
  {
    "id": "e9476992-0e8b-4f74-b65d-85f27652fcfd",
    "data": [
      {
        "text": "plate number is ",
        "userDefined": false
      },
      {
        "text": "123456",
        "alias": "any",
        "meta": "@sys.any",
        "userDefined": true
      }
    ],
    "isTemplate": false,
    "count": 0
  },
  {
    "id": "ee4f0341-a670-43a2-800a-70ddb3af576c",
    "data": [
      {
        "text": "license plate number is ",
        "userDefined": false
      },
      {
        "text": "123456",
        "alias": "any",
        "meta": "@sys.any",
        "userDefined": true
      }
    ],
    "isTemplate": false,
    "count": 0
  },
  {
    "id": "786eddd7-9f6d-44d1-978f-e8a79606ad41",
    "data": [
      {
        "text": "plate number is ",
        "userDefined": false
      },
      {
        "text": "pss55t",
        "alias": "any",
        "meta": "@sys.any",
        "userDefined": true
      }
    ],
    "isTemplate": false,
    "count": 0
  },
  {
    "id": "cc7dc0fe-fb21-4efe-ac4d-92aa5764ba5c",
    "data": [
      {
        "text": "123456",
        "alias": "any",
        "meta": "@sys.any",
        "userDefined": true
      }
    ],
    "isTemplate": false,
    "count": 0
  },
  {
    "id": "17e9e4f0-c4eb-4e98-8cbb-773eed4df617",
    "data": [
      {
        "text": "h556ss",
        "alias": "any",
        "meta": "@sys.any",
        "userDefined": true
      }
    ],
    "isTemplate": false,
    "count": 0
  }
]