[
  {
    "id": "93c68fe5-c6fa-4951-9e72-f68a97419cd5",
    "data": [
      {
        "text": "fetch from db",
        "userDefined": false
      }
    ],
    "isTemplate": false,
    "count": 0
  },
  {
    "id": "94ed4ed5-facc-4524-9b18-eceaf1ac71ed",
    "data": [
      {
        "text": "fetch db",
        "userDefined": false
      }
    ],
    "isTemplate": false,
    "count": 0
  },
  {
    "id": "d926540e-b07e-4f5d-800d-d6e5028aef26",
    "data": [
      {
        "text": "fetch from database",
        "userDefined": false
      }
    ],
    "isTemplate": false,
    "count": 0
  },
  {
    "id": "d0662d5b-7f6e-4f55-872b-0960bfb1dfb1",
    "data": [
      {
        "text": "fetch the database",
        "userDefined": false
      }
    ],
    "isTemplate": false,
    "count": 0
  },
  {
    "id": "96922034-10dc-4335-8c6a-ea8740a5ae54",
    "data": [
      {
        "text": "read the database",
        "userDefined": false
      }
    ],
    "isTemplate": false,
    "count": 0
  },
  {
    "id": "0db784c4-e1e1-4041-86ed-8817c8460d2f",
    "data": [
      {
        "text": "read from db",
        "userDefined": false
      }
    ],
    "isTemplate": false,
    "count": 0
  },
  {
    "id": "ad7cc512-a544-4bed-aa33-c07c7547431a",
    "data": [
      {
        "text": "read from database",
        "userDefined": false
      }
    ],
    "isTemplate": false,
    "count": 0
  }
]