[
  {
    "id": "8da853bb-4857-43d0-8f60-07a1ea08dff8",
    "data": [
      {
        "text": "save data",
        "userDefined": false
      }
    ],
    "isTemplate": false,
    "count": 0
  },
  {
    "id": "f15f8481-2f85-439d-91f8-1dab653d616c",
    "data": [
      {
        "text": "save my data",
        "userDefined": false
      }
    ],
    "isTemplate": false,
    "count": 0
  },
  {
    "id": "9655a431-c6f3-42f6-89d0-88a9ffe39e3c",
    "data": [
      {
        "text": "save information",
        "userDefined": false
      }
    ],
    "isTemplate": false,
    "count": 0
  },
  {
    "id": "ecb7d1ae-69e9-4890-9d0e-874ece8b7f94",
    "data": [
      {
        "text": "save info",
        "userDefined": false
      }
    ],
    "isTemplate": false,
    "count": 0
  },
  {
    "id": "8c668dfd-3e67-4b80-a9ca-4783e924f3dc",
    "data": [
      {
        "text": "save to db",
        "userDefined": false
      }
    ],
    "isTemplate": false,
    "count": 0
  },
  {
    "id": "4de28962-ce73-4c1d-b1d4-c1df69134117",
    "data": [
      {
        "text": "save to database",
        "userDefined": false
      }
    ],
    "isTemplate": false,
    "count": 0
  }
]