[
  {
    "id": "89c60cf2-e914-4102-a682-6623ee31be37",
    "data": [
      {
        "text": "Log me in",
        "userDefined": false
      }
    ],
    "isTemplate": false,
    "count": 0
  },
  {
    "id": "4726c6b3-89cb-4252-9bea-ee3b126aa61c",
    "data": [
      {
        "text": "Log in",
        "userDefined": false
      }
    ],
    "isTemplate": false,
    "count": 0
  },
  {
    "id": "9849783f-4046-42d1-9be2-22789eb9c501",
    "data": [
      {
        "text": "Sign in",
        "userDefined": false
      }
    ],
    "isTemplate": false,
    "count": 0
  },
  {
    "id": "1fe73608-a21d-4264-9d75-27c69ca0567b",
    "data": [
      {
        "text": "Start sign in",
        "userDefined": false
      }
    ],
    "isTemplate": false,
    "count": 0
  }
]